fecha_procesado,cuenta,remitente,asunto,fecha_correo,nombre_adjunto,ruta_local,codigo_generacion_dte
2026-07-27T13:38:15,JC-Foodservice - Facturacion,noreply@infile.sv,Documento electrónico,"Fri, 10 Jul 2026 18:37:25 +0000 (UTC)",6C7E2788-8391-4BE7-9D00-54D39569899F.json,C:\Users\Lenovo P52s\Desktop\Proyecto-SCA\Descarga-doc\JC-Foodservice_-_Facturacion_6C7E2788-8391-4BE7-9D00-54D39569899F_6C7E2788-8391-4BE7-9D00-54D39569899F.json,6C7E2788-8391-4BE7-9D00-54D39569899F
2026-07-27T13:38:15,JC-Foodservice - Facturacion,noreply@infile.sv,Documento electrónico,"Fri, 10 Jul 2026 18:37:25 +0000 (UTC)",6C7E2788-8391-4BE7-9D00-54D39569899F.pdf,C:\Users\Lenovo P52s\Desktop\Proyecto-SCA\Descarga-doc\JC-Foodservice_-_Facturacion_6C7E2788-8391-4BE7-9D00-54D39569899F_6C7E2788-8391-4BE7-9D00-54D39569899F.pdf,6C7E2788-8391-4BE7-9D00-54D39569899F
2026-07-27T13:38:15,JC-Foodservice - Facturacion,facturas.clientes@gruposteiner.com,"STEINER, S.A. DE C.V. Realiza el envio de DTE con Codigo de generación 0C915989-36D1-4D74-8ED4-5A80770F160D",10 Jul 2026 17:14:06 -0600,DTE-03-B002P001-000000000050301_0C915989-36D1-4D74-8ED4-5A80770F160D.pdf,C:\Users\Lenovo P52s\Desktop\Proyecto-SCA\Descarga-doc\JC-Foodservice_-_Facturacion_732_DTE-03-B002P001-000000000050301_0C915989-36D1-4D74-8ED4-5A80770F160D.pdf,
2026-07-27T13:38:16,JC-Foodservice - Facturacion,negocios.camyram.dte@gmail.com,Facturación Electrónica DTE de Camyram,"Fri, 10 Jul 2026 16:48:13 -0700 (PDT)",C0BBB724-EEA8-409A-B704-2A085A3FC8DF.JSON,C:\Users\Lenovo P52s\Desktop\Proyecto-SCA\Descarga-doc\JC-Foodservice_-_Facturacion_C0BBB724-EEA8-409A-B704-2A085A3FC8DF_C0BBB724-EEA8-409A-B704-2A085A3FC8DF.JSON,C0BBB724-EEA8-409A-B704-2A085A3FC8DF
2026-07-27T13:38:16,JC-Foodservice - Facturacion,negocios.camyram.dte@gmail.com,Facturación Electrónica DTE de Camyram,"Fri, 10 Jul 2026 16:48:13 -0700 (PDT)",C0BBB724-EEA8-409A-B704-2A085A3FC8DF.PDF,C:\Users\Lenovo P52s\Desktop\Proyecto-SCA\Descarga-doc\JC-Foodservice_-_Facturacion_C0BBB724-EEA8-409A-B704-2A085A3FC8DF_C0BBB724-EEA8-409A-B704-2A085A3FC8DF.PDF,C0BBB724-EEA8-409A-B704-2A085A3FC8DF
2026-07-27T13:38:16,JC-Foodservice - Facturacion,no-reply@bitworks.com.sv,Factura Diszasa,"Sat, 11 Jul 2026 17:38:22 +0000 (UTC)",3A82FB77-C92E-4311-83BD-C8C10593C55C.json,C:\Users\Lenovo P52s\Desktop\Proyecto-SCA\Descarga-doc\JC-Foodservice_-_Facturacion_3A82FB77-C92E-4311-83BD-C8C10593C55C_3A82FB77-C92E-4311-83BD-C8C10593C55C.json,3A82FB77-C92E-4311-83BD-C8C10593C55C
2026-07-27T13:38:16,JC-Foodservice - Facturacion,no-reply@bitworks.com.sv,Factura Diszasa,"Sat, 11 Jul 2026 17:38:22 +0000 (UTC)",3A82FB77-C92E-4311-83BD-C8C10593C55C.pdf,C:\Users\Lenovo P52s\Desktop\Proyecto-SCA\Descarga-doc\JC-Foodservice_-_Facturacion_3A82FB77-C92E-4311-83BD-C8C10593C55C_3A82FB77-C92E-4311-83BD-C8C10593C55C.pdf,3A82FB77-C92E-4311-83BD-C8C10593C55C
2026-07-27T13:38:16,JC-Foodservice - Facturacion,noreply@infile.sv,Documento electrónico,"Sat, 11 Jul 2026 18:49:49 +0000 (UTC)",8ADF68A7-9C10-4440-A300-AB3729F37571.json,C:\Users\Lenovo P52s\Desktop\Proyecto-SCA\Descarga-doc\JC-Foodservice_-_Facturacion_8ADF68A7-9C10-4440-A300-AB3729F37571_8ADF68A7-9C10-4440-A300-AB3729F37571.json,8ADF68A7-9C10-4440-A300-AB3729F37571
2026-07-27T13:38:16,JC-Foodservice - Facturacion,noreply@infile.sv,Documento electrónico,"Sat, 11 Jul 2026 18:49:49 +0000 (UTC)",8ADF68A7-9C10-4440-A300-AB3729F37571.pdf,C:\Users\Lenovo P52s\Desktop\Proyecto-SCA\Descarga-doc\JC-Foodservice_-_Facturacion_8ADF68A7-9C10-4440-A300-AB3729F37571_8ADF68A7-9C10-4440-A300-AB3729F37571.pdf,8ADF68A7-9C10-4440-A300-AB3729F37571
2026-07-27T13:38:16,JC-Foodservice - Facturacion,alimentoscongeladossadecv@gmail.com,"Alimentos Congelados, S.A. de C.V.: DTE-03-M001P001-000000000012699","Mon, 13 Jul 2026 05:06:00 -0700 (PDT)",E586B4DD-A8C9-45DB-B8C9-7CD22DB7C177.pdf,C:\Users\Lenovo P52s\Desktop\Proyecto-SCA\Descarga-doc\JC-Foodservice_-_Facturacion_E586B4DD-A8C9-45DB-B8C9-7CD22DB7C177_E586B4DD-A8C9-45DB-B8C9-7CD22DB7C177.pdf,E586B4DD-A8C9-45DB-B8C9-7CD22DB7C177
2026-07-27T13:38:16,JC-Foodservice - Facturacion,alimentoscongeladossadecv@gmail.com,"Alimentos Congelados, S.A. de C.V.: DTE-03-M001P001-000000000012699","Mon, 13 Jul 2026 05:06:00 -0700 (PDT)",E586B4DD-A8C9-45DB-B8C9-7CD22DB7C177.json,C:\Users\Lenovo P52s\Desktop\Proyecto-SCA\Descarga-doc\JC-Foodservice_-_Facturacion_E586B4DD-A8C9-45DB-B8C9-7CD22DB7C177_E586B4DD-A8C9-45DB-B8C9-7CD22DB7C177.json,E586B4DD-A8C9-45DB-B8C9-7CD22DB7C177
2026-07-27T13:38:16,JC-Foodservice - Facturacion,facturacionunopalmeras@gmail.com,FACTURACIÓN ELECTRONICA UNO PALMERAS,"Mon, 13 Jul 2026 09:19:22 -0700 (PDT)",DTE-03-M001P001-000000000027657.pdf,C:\Users\Lenovo P52s\Desktop\Proyecto-SCA\Descarga-doc\JC-Foodservice_-_Facturacion_0952A2FF-0253-4E10-80A5-FF147B7EBF3E_DTE-03-M001P001-000000000027657.pdf,0952A2FF-0253-4E10-80A5-FF147B7EBF3E
2026-07-27T13:38:16,JC-Foodservice - Facturacion,facturacionunopalmeras@gmail.com,FACTURACIÓN ELECTRONICA UNO PALMERAS,"Mon, 13 Jul 2026 09:19:22 -0700 (PDT)",DTE-03-M001P001-000000000027657.json,C:\Users\Lenovo P52s\Desktop\Proyecto-SCA\Descarga-doc\JC-Foodservice_-_Facturacion_0952A2FF-0253-4E10-80A5-FF147B7EBF3E_DTE-03-M001P001-000000000027657.json,0952A2FF-0253-4E10-80A5-FF147B7EBF3E
2026-07-27T13:38:16,JC-Foodservice - Facturacion,emisordte@dislavi.com,DTE 7B7A1B82-A68A-4B6D-BCB3-F309B673069B,"Mon, 13 Jul 2026 11:10:10 -0600",7B7A1B82-A68A-4B6D-BCB3-F309B673069B.pdf,C:\Users\Lenovo P52s\Desktop\Proyecto-SCA\Descarga-doc\JC-Foodservice_-_Facturacion_738_7B7A1B82-A68A-4B6D-BCB3-F309B673069B.pdf,
2026-07-27T13:38:17,JC-Foodservice - Facturacion,facturaelectronica.lasbrazas@gmail.com,"CARRET. RUTA MILITAR KM. 151, CANTON SANTA ANITA,  EL DIVISADERO, MORAZAN SUR, MORAZÁN: DTE-01-M001P002-000000000002342","Mon, 13 Jul 2026 11:53:42 -0700 (PDT)",0FA826A5-45A1-4E24-A76A-28F300F297F1.pdf,C:\Users\Lenovo P52s\Desktop\Proyecto-SCA\Descarga-doc\JC-Foodservice_-_Facturacion_0FA826A5-45A1-4E24-A76A-28F300F297F1_0FA826A5-45A1-4E24-A76A-28F300F297F1.pdf,0FA826A5-45A1-4E24-A76A-28F300F297F1
2026-07-27T13:38:17,JC-Foodservice - Facturacion,facturaelectronica.lasbrazas@gmail.com,"CARRET. RUTA MILITAR KM. 151, CANTON SANTA ANITA,  EL DIVISADERO, MORAZAN SUR, MORAZÁN: DTE-01-M001P002-000000000002342","Mon, 13 Jul 2026 11:53:42 -0700 (PDT)",0FA826A5-45A1-4E24-A76A-28F300F297F1.json,C:\Users\Lenovo P52s\Desktop\Proyecto-SCA\Descarga-doc\JC-Foodservice_-_Facturacion_0FA826A5-45A1-4E24-A76A-28F300F297F1_0FA826A5-45A1-4E24-A76A-28F300F297F1.json,0FA826A5-45A1-4E24-A76A-28F300F297F1
2026-07-27T13:38:17,JC-Foodservice - Facturacion,dte@superselectos.com,Factura Electrónica Súper Selectos,"Mon, 13 Jul 2026 20:55:23 +0000 (UTC)",7E827467-C5C5-4ADA-987A-9594D8CF799D.json,C:\Users\Lenovo P52s\Desktop\Proyecto-SCA\Descarga-doc\JC-Foodservice_-_Facturacion_7E827467-C5C5-4ADA-987A-9594D8CF799D_7E827467-C5C5-4ADA-987A-9594D8CF799D.json,7E827467-C5C5-4ADA-987A-9594D8CF799D
2026-07-27T13:38:17,JC-Foodservice - Facturacion,dte@superselectos.com,Factura Electrónica Súper Selectos,"Mon, 13 Jul 2026 20:55:23 +0000 (UTC)",7E827467-C5C5-4ADA-987A-9594D8CF799D.pdf,C:\Users\Lenovo P52s\Desktop\Proyecto-SCA\Descarga-doc\JC-Foodservice_-_Facturacion_7E827467-C5C5-4ADA-987A-9594D8CF799D_7E827467-C5C5-4ADA-987A-9594D8CF799D.pdf,7E827467-C5C5-4ADA-987A-9594D8CF799D
2026-07-27T13:38:17,JC-Foodservice - Facturacion,avisos@importadoraramirez.com,"IMPORTADORA RAMIREZ, S.A. DE C.V. - Documento Tributario Electrónico","Mon, 13 Jul 2026 16:25:11 -0600",9BA96A88-A682-4F8B-B88A-D09CE1C374D4.pdf,C:\Users\Lenovo P52s\Desktop\Proyecto-SCA\Descarga-doc\JC-Foodservice_-_Facturacion_741_9BA96A88-A682-4F8B-B88A-D09CE1C374D4.pdf,
2026-07-27T13:38:17,JC-Foodservice - Facturacion,dte@campestre.com.sv,Facturación Electrónica DTE 103F1450-17CE-40D9-B425-7A31FFA9250B,13 Jul 2026 16:32:52 -0600,103F1450-17CE-40D9-B425-7A31FFA9250B.json,C:\Users\Lenovo P52s\Desktop\Proyecto-SCA\Descarga-doc\JC-Foodservice_-_Facturacion_103F1450-17CE-40D9-B425-7A31FFA9250B_103F1450-17CE-40D9-B425-7A31FFA9250B.json,103F1450-17CE-40D9-B425-7A31FFA9250B
2026-07-27T13:38:17,JC-Foodservice - Facturacion,dte@campestre.com.sv,Facturación Electrónica DTE 103F1450-17CE-40D9-B425-7A31FFA9250B,13 Jul 2026 16:32:52 -0600,103F1450-17CE-40D9-B425-7A31FFA9250B.pdf,C:\Users\Lenovo P52s\Desktop\Proyecto-SCA\Descarga-doc\JC-Foodservice_-_Facturacion_103F1450-17CE-40D9-B425-7A31FFA9250B_103F1450-17CE-40D9-B425-7A31FFA9250B.pdf,103F1450-17CE-40D9-B425-7A31FFA9250B
2026-07-27T13:38:17,JC-Foodservice - Facturacion,noreply@infile.sv,Documento electrónico,"Mon, 13 Jul 2026 22:54:30 +0000 (UTC)",606B03A5-B4EE-42DE-8476-1775F1EEAF0E.json,C:\Users\Lenovo P52s\Desktop\Proyecto-SCA\Descarga-doc\JC-Foodservice_-_Facturacion_606B03A5-B4EE-42DE-8476-1775F1EEAF0E_606B03A5-B4EE-42DE-8476-1775F1EEAF0E.json,606B03A5-B4EE-42DE-8476-1775F1EEAF0E
2026-07-27T13:38:17,JC-Foodservice - Facturacion,noreply@infile.sv,Documento electrónico,"Mon, 13 Jul 2026 22:54:30 +0000 (UTC)",606B03A5-B4EE-42DE-8476-1775F1EEAF0E.pdf,C:\Users\Lenovo P52s\Desktop\Proyecto-SCA\Descarga-doc\JC-Foodservice_-_Facturacion_606B03A5-B4EE-42DE-8476-1775F1EEAF0E_606B03A5-B4EE-42DE-8476-1775F1EEAF0E.pdf,606B03A5-B4EE-42DE-8476-1775F1EEAF0E
2026-07-27T13:38:18,JC-Foodservice - Facturacion,dte.disproempa@controldata.biz,"NOTIFICACION FACTURA ELECTRONICA DISPROEMPA J&GR, S.A. DE C.V.","Mon, 13 Jul 2026 19:00:46 -0600",DTE-03-M001P001-000000000011641-2026-07-13.pdf,C:\Users\Lenovo P52s\Desktop\Proyecto-SCA\Descarga-doc\JC-Foodservice_-_Facturacion_2451FB4D-F4AF-4148-8645-A774E0A26B47_DTE-03-M001P001-000000000011641-2026-07-13.pdf,2451FB4D-F4AF-4148-8645-A774E0A26B47
2026-07-27T13:38:18,JC-Foodservice - Facturacion,dte.disproempa@controldata.biz,"NOTIFICACION FACTURA ELECTRONICA DISPROEMPA J&GR, S.A. DE C.V.","Mon, 13 Jul 2026 19:00:46 -0600",DTE-03-M001P001-000000000011641-2026-07-13.json,C:\Users\Lenovo P52s\Desktop\Proyecto-SCA\Descarga-doc\JC-Foodservice_-_Facturacion_2451FB4D-F4AF-4148-8645-A774E0A26B47_DTE-03-M001P001-000000000011641-2026-07-13.json,2451FB4D-F4AF-4148-8645-A774E0A26B47
2026-07-27T13:38:18,JC-Foodservice - Facturacion,facturaelectronicafalbri@gmail.com,- Comprobante de Documento Tributario Electronico,"Tue, 14 Jul 2026 05:25:50 -0700 (PDT)",2E50441E-EEF8-464D-9150-F84A206B8310.PDF,C:\Users\Lenovo P52s\Desktop\Proyecto-SCA\Descarga-doc\JC-Foodservice_-_Facturacion_2E50441E-EEF8-464D-9150-F84A206B8310_2E50441E-EEF8-464D-9150-F84A206B8310.PDF,2E50441E-EEF8-464D-9150-F84A206B8310
2026-07-27T13:38:18,JC-Foodservice - Facturacion,facturaelectronicafalbri@gmail.com,- Comprobante de Documento Tributario Electronico,"Tue, 14 Jul 2026 05:25:50 -0700 (PDT)",2E50441E-EEF8-464D-9150-F84A206B8310.JSON,C:\Users\Lenovo P52s\Desktop\Proyecto-SCA\Descarga-doc\JC-Foodservice_-_Facturacion_2E50441E-EEF8-464D-9150-F84A206B8310_2E50441E-EEF8-464D-9150-F84A206B8310.JSON,2E50441E-EEF8-464D-9150-F84A206B8310
2026-07-27T13:38:18,JC-Foodservice - Facturacion,dte.rastreo@gmail.com,Facturación - Servicios de Rastreo GPS - SURGPS,"Tue, 14 Jul 2026 09:32:10 -0600",DE9E9C5C-7DE4-4285-ABF2-F5D9934E9EDA.pdf,C:\Users\Lenovo P52s\Desktop\Proyecto-SCA\Descarga-doc\JC-Foodservice_-_Facturacion_DE9E9C5C-7DE4-4285-ABF2-F5D9934E9EDA_DE9E9C5C-7DE4-4285-ABF2-F5D9934E9EDA.pdf,DE9E9C5C-7DE4-4285-ABF2-F5D9934E9EDA
2026-07-27T13:38:18,JC-Foodservice - Facturacion,dte.rastreo@gmail.com,Facturación - Servicios de Rastreo GPS - SURGPS,"Tue, 14 Jul 2026 09:32:10 -0600",DE9E9C5C-7DE4-4285-ABF2-F5D9934E9EDA.json,C:\Users\Lenovo P52s\Desktop\Proyecto-SCA\Descarga-doc\JC-Foodservice_-_Facturacion_DE9E9C5C-7DE4-4285-ABF2-F5D9934E9EDA_DE9E9C5C-7DE4-4285-ABF2-F5D9934E9EDA.json,DE9E9C5C-7DE4-4285-ABF2-F5D9934E9EDA
2026-07-27T13:38:18,JC-Foodservice - Facturacion,facturaelectronica.lasbrazas@gmail.com,"CARRET. RUTA MILITAR KM. 151, CANTON SANTA ANITA,  EL DIVISADERO, MORAZAN SUR, MORAZÁN: DTE-01-M001P001-000000000014017","Tue, 14 Jul 2026 09:06:21 -0700 (PDT)",06580302-06DF-4339-9C71-A5CC74ED8259.pdf,C:\Users\Lenovo P52s\Desktop\Proyecto-SCA\Descarga-doc\JC-Foodservice_-_Facturacion_06580302-06DF-4339-9C71-A5CC74ED8259_06580302-06DF-4339-9C71-A5CC74ED8259.pdf,06580302-06DF-4339-9C71-A5CC74ED8259
2026-07-27T13:38:18,JC-Foodservice - Facturacion,facturaelectronica.lasbrazas@gmail.com,"CARRET. RUTA MILITAR KM. 151, CANTON SANTA ANITA,  EL DIVISADERO, MORAZAN SUR, MORAZÁN: DTE-01-M001P001-000000000014017","Tue, 14 Jul 2026 09:06:21 -0700 (PDT)",06580302-06DF-4339-9C71-A5CC74ED8259.json,C:\Users\Lenovo P52s\Desktop\Proyecto-SCA\Descarga-doc\JC-Foodservice_-_Facturacion_06580302-06DF-4339-9C71-A5CC74ED8259_06580302-06DF-4339-9C71-A5CC74ED8259.json,06580302-06DF-4339-9C71-A5CC74ED8259
2026-07-27T13:38:18,JC-Foodservice - Facturacion,dtes@jc-foodservice.com,DTE 30ABD5C2-551A-46BA-9207-FE8D0CBCD210,"Tue, 14 Jul 2026 10:45:09 -0600",30ABD5C2-551A-46BA-9207-FE8D0CBCD210.pdf,C:\Users\Lenovo P52s\Desktop\Proyecto-SCA\Descarga-doc\JC-Foodservice_-_Facturacion_748_30ABD5C2-551A-46BA-9207-FE8D0CBCD210.pdf,
2026-07-27T13:38:18,JC-Foodservice - Facturacion,dte@superselectos.com,Factura Electrónica Súper Selectos,"Tue, 14 Jul 2026 17:57:18 +0000 (UTC)",AA62C559-56F6-4F7B-9502-1152D903E168.json,C:\Users\Lenovo P52s\Desktop\Proyecto-SCA\Descarga-doc\JC-Foodservice_-_Facturacion_AA62C559-56F6-4F7B-9502-1152D903E168_AA62C559-56F6-4F7B-9502-1152D903E168.json,AA62C559-56F6-4F7B-9502-1152D903E168
2026-07-27T13:38:18,JC-Foodservice - Facturacion,dte@superselectos.com,Factura Electrónica Súper Selectos,"Tue, 14 Jul 2026 17:57:18 +0000 (UTC)",AA62C559-56F6-4F7B-9502-1152D903E168.pdf,C:\Users\Lenovo P52s\Desktop\Proyecto-SCA\Descarga-doc\JC-Foodservice_-_Facturacion_AA62C559-56F6-4F7B-9502-1152D903E168_AA62C559-56F6-4F7B-9502-1152D903E168.pdf,AA62C559-56F6-4F7B-9502-1152D903E168
2026-07-27T13:38:19,JC-Foodservice - Facturacion,noreply@infile.sv,Documento electrónico,"Tue, 14 Jul 2026 19:32:00 +0000 (UTC)",3A5337E7-2278-4204-BD78-CF2073802BDE.json,C:\Users\Lenovo P52s\Desktop\Proyecto-SCA\Descarga-doc\JC-Foodservice_-_Facturacion_3A5337E7-2278-4204-BD78-CF2073802BDE_3A5337E7-2278-4204-BD78-CF2073802BDE.json,3A5337E7-2278-4204-BD78-CF2073802BDE
2026-07-27T13:38:19,JC-Foodservice - Facturacion,noreply@infile.sv,Documento electrónico,"Tue, 14 Jul 2026 19:32:00 +0000 (UTC)",3A5337E7-2278-4204-BD78-CF2073802BDE.pdf,C:\Users\Lenovo P52s\Desktop\Proyecto-SCA\Descarga-doc\JC-Foodservice_-_Facturacion_3A5337E7-2278-4204-BD78-CF2073802BDE_3A5337E7-2278-4204-BD78-CF2073802BDE.pdf,3A5337E7-2278-4204-BD78-CF2073802BDE
2026-07-27T13:38:19,JC-Foodservice - Facturacion,panaderiaanavilma@app.factuexpress.com.sv,Documento Tributario ElectrónicoDE2DBBBA-DDC4-1F25-F6D5-59650FFA6ED9,"Wed, 15 Jul 2026 15:30:15 +0000 (UTC)",DE2DBBBA-DDC4-1F25-F6D5-59650FFA6ED9.json,C:\Users\Lenovo P52s\Desktop\Proyecto-SCA\Descarga-doc\JC-Foodservice_-_Facturacion_DE2DBBBA-DDC4-1F25-F6D5-59650FFA6ED9_DE2DBBBA-DDC4-1F25-F6D5-59650FFA6ED9.json,DE2DBBBA-DDC4-1F25-F6D5-59650FFA6ED9
2026-07-27T13:38:19,JC-Foodservice - Facturacion,panaderiaanavilma@app.factuexpress.com.sv,Documento Tributario ElectrónicoDE2DBBBA-DDC4-1F25-F6D5-59650FFA6ED9,"Wed, 15 Jul 2026 15:30:15 +0000 (UTC)",DE2DBBBA-DDC4-1F25-F6D5-59650FFA6ED9.pdf,C:\Users\Lenovo P52s\Desktop\Proyecto-SCA\Descarga-doc\JC-Foodservice_-_Facturacion_DE2DBBBA-DDC4-1F25-F6D5-59650FFA6ED9_DE2DBBBA-DDC4-1F25-F6D5-59650FFA6ED9.pdf,DE2DBBBA-DDC4-1F25-F6D5-59650FFA6ED9
2026-07-27T13:38:19,JC-Foodservice - Facturacion,facturacionlospalma@gmail.com,CHICHARRONERA Y CARNICERÍA LOS PALMA,"Wed, 15 Jul 2026 09:02:52 -0700 (PDT)",1462624E-C86D-42B6-97C7-27E86470B739CCF.pdf,C:\Users\Lenovo P52s\Desktop\Proyecto-SCA\Descarga-doc\JC-Foodservice_-_Facturacion_1462624E-C86D-42B6-97C7-27E86470B739_1462624E-C86D-42B6-97C7-27E86470B739CCF.pdf,1462624E-C86D-42B6-97C7-27E86470B739
2026-07-27T13:38:19,JC-Foodservice - Facturacion,facturacionlospalma@gmail.com,CHICHARRONERA Y CARNICERÍA LOS PALMA,"Wed, 15 Jul 2026 09:02:52 -0700 (PDT)",1462624E-C86D-42B6-97C7-27E86470B739CCF.json,C:\Users\Lenovo P52s\Desktop\Proyecto-SCA\Descarga-doc\JC-Foodservice_-_Facturacion_1462624E-C86D-42B6-97C7-27E86470B739_1462624E-C86D-42B6-97C7-27E86470B739CCF.json,1462624E-C86D-42B6-97C7-27E86470B739
2026-07-27T13:38:19,JC-Foodservice - Facturacion,noreply@infile.sv,Documento electrónico,"Wed, 15 Jul 2026 19:03:47 +0000 (UTC)",D0237869-A3FD-46D4-B67B-19416C6FFB86.json,C:\Users\Lenovo P52s\Desktop\Proyecto-SCA\Descarga-doc\JC-Foodservice_-_Facturacion_D0237869-A3FD-46D4-B67B-19416C6FFB86_D0237869-A3FD-46D4-B67B-19416C6FFB86.json,D0237869-A3FD-46D4-B67B-19416C6FFB86
2026-07-27T13:38:19,JC-Foodservice - Facturacion,noreply@infile.sv,Documento electrónico,"Wed, 15 Jul 2026 19:03:47 +0000 (UTC)",D0237869-A3FD-46D4-B67B-19416C6FFB86.pdf,C:\Users\Lenovo P52s\Desktop\Proyecto-SCA\Descarga-doc\JC-Foodservice_-_Facturacion_D0237869-A3FD-46D4-B67B-19416C6FFB86_D0237869-A3FD-46D4-B67B-19416C6FFB86.pdf,D0237869-A3FD-46D4-B67B-19416C6FFB86
2026-07-27T13:38:20,JC-Foodservice - Facturacion,facturaelectronica.lasbrazas@gmail.com,LAS BRAzAS: DTE-01-S002P001-000000000021686,"Wed, 15 Jul 2026 12:29:24 -0700 (PDT)",65C2F166-0EE0-43E1-8AD4-E4643592C6B5.pdf,C:\Users\Lenovo P52s\Desktop\Proyecto-SCA\Descarga-doc\JC-Foodservice_-_Facturacion_65C2F166-0EE0-43E1-8AD4-E4643592C6B5_65C2F166-0EE0-43E1-8AD4-E4643592C6B5.pdf,65C2F166-0EE0-43E1-8AD4-E4643592C6B5
2026-07-27T13:38:20,JC-Foodservice - Facturacion,facturaelectronica.lasbrazas@gmail.com,LAS BRAzAS: DTE-01-S002P001-000000000021686,"Wed, 15 Jul 2026 12:29:24 -0700 (PDT)",65C2F166-0EE0-43E1-8AD4-E4643592C6B5.json,C:\Users\Lenovo P52s\Desktop\Proyecto-SCA\Descarga-doc\JC-Foodservice_-_Facturacion_65C2F166-0EE0-43E1-8AD4-E4643592C6B5_65C2F166-0EE0-43E1-8AD4-E4643592C6B5.json,65C2F166-0EE0-43E1-8AD4-E4643592C6B5
2026-07-27T13:38:20,JC-Foodservice - Facturacion,noreply@infile.sv,Documento electrónico,"Wed, 15 Jul 2026 19:58:37 +0000 (UTC)",A078A802-8064-4075-A913-FB41D12AF6B5.json,C:\Users\Lenovo P52s\Desktop\Proyecto-SCA\Descarga-doc\JC-Foodservice_-_Facturacion_A078A802-8064-4075-A913-FB41D12AF6B5_A078A802-8064-4075-A913-FB41D12AF6B5.json,A078A802-8064-4075-A913-FB41D12AF6B5
2026-07-27T13:38:20,JC-Foodservice - Facturacion,noreply@infile.sv,Documento electrónico,"Wed, 15 Jul 2026 19:58:37 +0000 (UTC)",A078A802-8064-4075-A913-FB41D12AF6B5.pdf,C:\Users\Lenovo P52s\Desktop\Proyecto-SCA\Descarga-doc\JC-Foodservice_-_Facturacion_A078A802-8064-4075-A913-FB41D12AF6B5_A078A802-8064-4075-A913-FB41D12AF6B5.pdf,A078A802-8064-4075-A913-FB41D12AF6B5
2026-07-27T13:38:20,JC-Foodservice - Facturacion,dtes@jc-foodservice.com,DTE 450B74DF-A5C5-4944-B4C1-D4743E0B4B52,"Wed, 15 Jul 2026 13:50:14 -0600",450B74DF-A5C5-4944-B4C1-D4743E0B4B52.pdf,C:\Users\Lenovo P52s\Desktop\Proyecto-SCA\Descarga-doc\JC-Foodservice_-_Facturacion_756_450B74DF-A5C5-4944-B4C1-D4743E0B4B52.pdf,
2026-07-27T13:38:20,JC-Foodservice - Facturacion,factura@sv.excelonline.co,Notificación Electrónica,"Wed, 15 Jul 2026 22:20:42 +0000",DTE-03-S026P001-000000000317528_Contingencia.pdf,C:\Users\Lenovo P52s\Desktop\Proyecto-SCA\Descarga-doc\JC-Foodservice_-_Facturacion_9792A9F4-7E31-4138-B5ED-7C09A085FFEF_DTE-03-S026P001-000000000317528_Contingencia.pdf,9792A9F4-7E31-4138-B5ED-7C09A085FFEF
2026-07-27T13:38:20,JC-Foodservice - Facturacion,factura@sv.excelonline.co,Notificación Electrónica,"Wed, 15 Jul 2026 22:20:42 +0000",DTE-03-S026P001-000000000317528_Contingencia.json,C:\Users\Lenovo P52s\Desktop\Proyecto-SCA\Descarga-doc\JC-Foodservice_-_Facturacion_9792A9F4-7E31-4138-B5ED-7C09A085FFEF_DTE-03-S026P001-000000000317528_Contingencia.json,9792A9F4-7E31-4138-B5ED-7C09A085FFEF
2026-07-27T13:38:20,JC-Foodservice - Facturacion,no-reply@bitworks.com.sv,Factura Diszasa,"Wed, 15 Jul 2026 23:06:55 +0000 (UTC)",C64DB9FE-3692-4C3C-8DFE-2CD4456EDC9A.json,C:\Users\Lenovo P52s\Desktop\Proyecto-SCA\Descarga-doc\JC-Foodservice_-_Facturacion_C64DB9FE-3692-4C3C-8DFE-2CD4456EDC9A_C64DB9FE-3692-4C3C-8DFE-2CD4456EDC9A.json,C64DB9FE-3692-4C3C-8DFE-2CD4456EDC9A
2026-07-27T13:38:20,JC-Foodservice - Facturacion,no-reply@bitworks.com.sv,Factura Diszasa,"Wed, 15 Jul 2026 23:06:55 +0000 (UTC)",C64DB9FE-3692-4C3C-8DFE-2CD4456EDC9A.pdf,C:\Users\Lenovo P52s\Desktop\Proyecto-SCA\Descarga-doc\JC-Foodservice_-_Facturacion_C64DB9FE-3692-4C3C-8DFE-2CD4456EDC9A_C64DB9FE-3692-4C3C-8DFE-2CD4456EDC9A.pdf,C64DB9FE-3692-4C3C-8DFE-2CD4456EDC9A
2026-07-27T13:38:20,JC-Foodservice - Facturacion,factura@sv.excelonline.co,Notificación Electrónica,"Wed, 15 Jul 2026 23:39:45 +0000",DTE-03-S026P001-000000000317528.pdf,C:\Users\Lenovo P52s\Desktop\Proyecto-SCA\Descarga-doc\JC-Foodservice_-_Facturacion_9792A9F4-7E31-4138-B5ED-7C09A085FFEF_DTE-03-S026P001-000000000317528.pdf,9792A9F4-7E31-4138-B5ED-7C09A085FFEF
2026-07-27T13:38:20,JC-Foodservice - Facturacion,factura@sv.excelonline.co,Notificación Electrónica,"Wed, 15 Jul 2026 23:39:45 +0000",DTE-03-S026P001-000000000317528.json,C:\Users\Lenovo P52s\Desktop\Proyecto-SCA\Descarga-doc\JC-Foodservice_-_Facturacion_9792A9F4-7E31-4138-B5ED-7C09A085FFEF_DTE-03-S026P001-000000000317528.json,9792A9F4-7E31-4138-B5ED-7C09A085FFEF
2026-07-27T13:38:21,JC-Foodservice - Facturacion,noreply@infile.sv,Documento electrónico,"Thu, 16 Jul 2026 16:30:44 +0000 (UTC)",5B82EE8C-6044-474E-B7FD-CDF58AE354A2.json,C:\Users\Lenovo P52s\Desktop\Proyecto-SCA\Descarga-doc\JC-Foodservice_-_Facturacion_5B82EE8C-6044-474E-B7FD-CDF58AE354A2_5B82EE8C-6044-474E-B7FD-CDF58AE354A2.json,5B82EE8C-6044-474E-B7FD-CDF58AE354A2
2026-07-27T13:38:21,JC-Foodservice - Facturacion,noreply@infile.sv,Documento electrónico,"Thu, 16 Jul 2026 16:30:44 +0000 (UTC)",5B82EE8C-6044-474E-B7FD-CDF58AE354A2.pdf,C:\Users\Lenovo P52s\Desktop\Proyecto-SCA\Descarga-doc\JC-Foodservice_-_Facturacion_5B82EE8C-6044-474E-B7FD-CDF58AE354A2_5B82EE8C-6044-474E-B7FD-CDF58AE354A2.pdf,5B82EE8C-6044-474E-B7FD-CDF58AE354A2
2026-07-27T13:38:21,JC-Foodservice - Facturacion,noreply@infile.sv,Documento electrónico,"Thu, 16 Jul 2026 18:45:54 +0000 (UTC)",209CC8D0-34DE-486A-846D-2FD38387EA9B.json,C:\Users\Lenovo P52s\Desktop\Proyecto-SCA\Descarga-doc\JC-Foodservice_-_Facturacion_209CC8D0-34DE-486A-846D-2FD38387EA9B_209CC8D0-34DE-486A-846D-2FD38387EA9B.json,209CC8D0-34DE-486A-846D-2FD38387EA9B
2026-07-27T13:38:21,JC-Foodservice - Facturacion,noreply@infile.sv,Documento electrónico,"Thu, 16 Jul 2026 18:45:54 +0000 (UTC)",209CC8D0-34DE-486A-846D-2FD38387EA9B.pdf,C:\Users\Lenovo P52s\Desktop\Proyecto-SCA\Descarga-doc\JC-Foodservice_-_Facturacion_209CC8D0-34DE-486A-846D-2FD38387EA9B_209CC8D0-34DE-486A-846D-2FD38387EA9B.pdf,209CC8D0-34DE-486A-846D-2FD38387EA9B
2026-07-27T13:38:21,JC-Foodservice - Facturacion,dte.disproempa@controldata.biz,"NOTIFICACION FACTURA ELECTRONICA DISPROEMPA J&GR, S.A. DE C.V.","Thu, 16 Jul 2026 15:57:18 -0600",DTE-03-M001P001-000000000011882-2026-07-16.pdf,C:\Users\Lenovo P52s\Desktop\Proyecto-SCA\Descarga-doc\JC-Foodservice_-_Facturacion_200588A3-3A56-4CBF-9517-F2847DDA90FB_DTE-03-M001P001-000000000011882-2026-07-16.pdf,200588A3-3A56-4CBF-9517-F2847DDA90FB
2026-07-27T13:38:21,JC-Foodservice - Facturacion,dte.disproempa@controldata.biz,"NOTIFICACION FACTURA ELECTRONICA DISPROEMPA J&GR, S.A. DE C.V.","Thu, 16 Jul 2026 15:57:18 -0600",DTE-03-M001P001-000000000011882-2026-07-16.json,C:\Users\Lenovo P52s\Desktop\Proyecto-SCA\Descarga-doc\JC-Foodservice_-_Facturacion_200588A3-3A56-4CBF-9517-F2847DDA90FB_DTE-03-M001P001-000000000011882-2026-07-16.json,200588A3-3A56-4CBF-9517-F2847DDA90FB
2026-07-27T13:38:21,JC-Foodservice - Facturacion,alimentoscongeladossadecv@gmail.com,"Alimentos Congelados, S.A. de C.V.: DTE-03-M001P001-000000000013057","Thu, 16 Jul 2026 15:28:36 -0700 (PDT)",3CA517AB-A09F-4AB0-ABB8-4D912F0CF627.pdf,C:\Users\Lenovo P52s\Desktop\Proyecto-SCA\Descarga-doc\JC-Foodservice_-_Facturacion_3CA517AB-A09F-4AB0-ABB8-4D912F0CF627_3CA517AB-A09F-4AB0-ABB8-4D912F0CF627.pdf,3CA517AB-A09F-4AB0-ABB8-4D912F0CF627
2026-07-27T13:38:21,JC-Foodservice - Facturacion,alimentoscongeladossadecv@gmail.com,"Alimentos Congelados, S.A. de C.V.: DTE-03-M001P001-000000000013057","Thu, 16 Jul 2026 15:28:36 -0700 (PDT)",3CA517AB-A09F-4AB0-ABB8-4D912F0CF627.json,C:\Users\Lenovo P52s\Desktop\Proyecto-SCA\Descarga-doc\JC-Foodservice_-_Facturacion_3CA517AB-A09F-4AB0-ABB8-4D912F0CF627_3CA517AB-A09F-4AB0-ABB8-4D912F0CF627.json,3CA517AB-A09F-4AB0-ABB8-4D912F0CF627
2026-07-27T13:38:22,JC-Foodservice - Facturacion,no-reply@bitworks.com.sv,Factura Diszasa,"Thu, 16 Jul 2026 22:32:27 +0000 (UTC)",F15811DC-A28B-41A8-B03C-2205AC62050F.json,C:\Users\Lenovo P52s\Desktop\Proyecto-SCA\Descarga-doc\JC-Foodservice_-_Facturacion_F15811DC-A28B-41A8-B03C-2205AC62050F_F15811DC-A28B-41A8-B03C-2205AC62050F.json,F15811DC-A28B-41A8-B03C-2205AC62050F
2026-07-27T13:38:22,JC-Foodservice - Facturacion,no-reply@bitworks.com.sv,Factura Diszasa,"Thu, 16 Jul 2026 22:32:27 +0000 (UTC)",F15811DC-A28B-41A8-B03C-2205AC62050F.pdf,C:\Users\Lenovo P52s\Desktop\Proyecto-SCA\Descarga-doc\JC-Foodservice_-_Facturacion_F15811DC-A28B-41A8-B03C-2205AC62050F_F15811DC-A28B-41A8-B03C-2205AC62050F.pdf,F15811DC-A28B-41A8-B03C-2205AC62050F
2026-07-27T13:38:22,JC-Foodservice - Facturacion,dte.disproempa@controldata.biz,"NOTIFICACION FACTURA ELECTRONICA DISPROEMPA J&GR, S.A. DE C.V.","Thu, 16 Jul 2026 17:30:15 -0600",DTE-03-M001P001-000000000011891-2026-07-16.pdf,C:\Users\Lenovo P52s\Desktop\Proyecto-SCA\Descarga-doc\JC-Foodservice_-_Facturacion_DDE8E963-E6E4-4CAE-B996-090A9B971873_DTE-03-M001P001-000000000011891-2026-07-16.pdf,DDE8E963-E6E4-4CAE-B996-090A9B971873
2026-07-27T13:38:22,JC-Foodservice - Facturacion,dte.disproempa@controldata.biz,"NOTIFICACION FACTURA ELECTRONICA DISPROEMPA J&GR, S.A. DE C.V.","Thu, 16 Jul 2026 17:30:15 -0600",DTE-03-M001P001-000000000011891-2026-07-16.json,C:\Users\Lenovo P52s\Desktop\Proyecto-SCA\Descarga-doc\JC-Foodservice_-_Facturacion_DDE8E963-E6E4-4CAE-B996-090A9B971873_DTE-03-M001P001-000000000011891-2026-07-16.json,DDE8E963-E6E4-4CAE-B996-090A9B971873
2026-07-27T13:38:22,JC-Foodservice - Facturacion,no-reply@bitworks.com.sv,Factura Diszasa,"Fri, 17 Jul 2026 04:04:25 +0000 (UTC)",D6D38CD7-075A-48BC-A687-3C405340399D.json,C:\Users\Lenovo P52s\Desktop\Proyecto-SCA\Descarga-doc\JC-Foodservice_-_Facturacion_D6D38CD7-075A-48BC-A687-3C405340399D_D6D38CD7-075A-48BC-A687-3C405340399D.json,D6D38CD7-075A-48BC-A687-3C405340399D
2026-07-27T13:38:22,JC-Foodservice - Facturacion,no-reply@bitworks.com.sv,Factura Diszasa,"Fri, 17 Jul 2026 04:04:25 +0000 (UTC)",D6D38CD7-075A-48BC-A687-3C405340399D.pdf,C:\Users\Lenovo P52s\Desktop\Proyecto-SCA\Descarga-doc\JC-Foodservice_-_Facturacion_D6D38CD7-075A-48BC-A687-3C405340399D_D6D38CD7-075A-48BC-A687-3C405340399D.pdf,D6D38CD7-075A-48BC-A687-3C405340399D
2026-07-27T13:38:22,JC-Foodservice - Facturacion,dte@campestre.com.sv,Facturación Electrónica DTE 865F5C92-2557-4EDC-A2BC-5D3E789E3A5F,17 Jul 2026 01:16:24 -0600,865F5C92-2557-4EDC-A2BC-5D3E789E3A5F.json,C:\Users\Lenovo P52s\Desktop\Proyecto-SCA\Descarga-doc\JC-Foodservice_-_Facturacion_865F5C92-2557-4EDC-A2BC-5D3E789E3A5F_865F5C92-2557-4EDC-A2BC-5D3E789E3A5F.json,865F5C92-2557-4EDC-A2BC-5D3E789E3A5F
2026-07-27T13:38:22,JC-Foodservice - Facturacion,dte@campestre.com.sv,Facturación Electrónica DTE 865F5C92-2557-4EDC-A2BC-5D3E789E3A5F,17 Jul 2026 01:16:24 -0600,865F5C92-2557-4EDC-A2BC-5D3E789E3A5F.pdf,C:\Users\Lenovo P52s\Desktop\Proyecto-SCA\Descarga-doc\JC-Foodservice_-_Facturacion_865F5C92-2557-4EDC-A2BC-5D3E789E3A5F_865F5C92-2557-4EDC-A2BC-5D3E789E3A5F.pdf,865F5C92-2557-4EDC-A2BC-5D3E789E3A5F
2026-07-27T13:38:22,JC-Foodservice - Facturacion,facturaelectronica.lasbrazas@gmail.com,"CARRET. RUTA MILITAR KM. 151, CANTON SANTA ANITA,  EL DIVISADERO, MORAZAN SUR, MORAZÁN: DTE-01-M001P001-000000000014255","Fri, 17 Jul 2026 08:09:58 -0700 (PDT)",959F2D80-22C2-4581-9DBB-090441B03930.pdf,C:\Users\Lenovo P52s\Desktop\Proyecto-SCA\Descarga-doc\JC-Foodservice_-_Facturacion_959F2D80-22C2-4581-9DBB-090441B03930_959F2D80-22C2-4581-9DBB-090441B03930.pdf,959F2D80-22C2-4581-9DBB-090441B03930
2026-07-27T13:38:22,JC-Foodservice - Facturacion,facturaelectronica.lasbrazas@gmail.com,"CARRET. RUTA MILITAR KM. 151, CANTON SANTA ANITA,  EL DIVISADERO, MORAZAN SUR, MORAZÁN: DTE-01-M001P001-000000000014255","Fri, 17 Jul 2026 08:09:58 -0700 (PDT)",959F2D80-22C2-4581-9DBB-090441B03930.json,C:\Users\Lenovo P52s\Desktop\Proyecto-SCA\Descarga-doc\JC-Foodservice_-_Facturacion_959F2D80-22C2-4581-9DBB-090441B03930_959F2D80-22C2-4581-9DBB-090441B03930.json,959F2D80-22C2-4581-9DBB-090441B03930
2026-07-27T13:38:23,JC-Foodservice - Facturacion,noreply@infile.sv,Documento electrónico,"Fri, 17 Jul 2026 18:04:10 +0000 (UTC)",EEFB0EDA-641B-4C5E-AAEE-7CF4672F3804.json,C:\Users\Lenovo P52s\Desktop\Proyecto-SCA\Descarga-doc\JC-Foodservice_-_Facturacion_EEFB0EDA-641B-4C5E-AAEE-7CF4672F3804_EEFB0EDA-641B-4C5E-AAEE-7CF4672F3804.json,EEFB0EDA-641B-4C5E-AAEE-7CF4672F3804
2026-07-27T13:38:23,JC-Foodservice - Facturacion,noreply@infile.sv,Documento electrónico,"Fri, 17 Jul 2026 18:04:10 +0000 (UTC)",EEFB0EDA-641B-4C5E-AAEE-7CF4672F3804.pdf,C:\Users\Lenovo P52s\Desktop\Proyecto-SCA\Descarga-doc\JC-Foodservice_-_Facturacion_EEFB0EDA-641B-4C5E-AAEE-7CF4672F3804_EEFB0EDA-641B-4C5E-AAEE-7CF4672F3804.pdf,EEFB0EDA-641B-4C5E-AAEE-7CF4672F3804
2026-07-27T13:38:23,JC-Foodservice - Facturacion,noreply@infile.sv,Documento electrónico,"Fri, 17 Jul 2026 21:36:20 +0000 (UTC)",A9E12D79-06D7-4ACD-9D2E-1F2AA27A73A7.json,C:\Users\Lenovo P52s\Desktop\Proyecto-SCA\Descarga-doc\JC-Foodservice_-_Facturacion_A9E12D79-06D7-4ACD-9D2E-1F2AA27A73A7_A9E12D79-06D7-4ACD-9D2E-1F2AA27A73A7.json,A9E12D79-06D7-4ACD-9D2E-1F2AA27A73A7
2026-07-27T13:38:23,JC-Foodservice - Facturacion,noreply@infile.sv,Documento electrónico,"Fri, 17 Jul 2026 21:36:20 +0000 (UTC)",A9E12D79-06D7-4ACD-9D2E-1F2AA27A73A7.pdf,C:\Users\Lenovo P52s\Desktop\Proyecto-SCA\Descarga-doc\JC-Foodservice_-_Facturacion_A9E12D79-06D7-4ACD-9D2E-1F2AA27A73A7_A9E12D79-06D7-4ACD-9D2E-1F2AA27A73A7.pdf,A9E12D79-06D7-4ACD-9D2E-1F2AA27A73A7
2026-07-27T13:38:23,JC-Foodservice - Facturacion,dte@superselectos.com,Factura Electrónica Súper Selectos,"Fri, 17 Jul 2026 23:56:30 +0000 (UTC)",4556B9C0-38E5-4BCC-88BE-7C14D2009870.json,C:\Users\Lenovo P52s\Desktop\Proyecto-SCA\Descarga-doc\JC-Foodservice_-_Facturacion_4556B9C0-38E5-4BCC-88BE-7C14D2009870_4556B9C0-38E5-4BCC-88BE-7C14D2009870.json,4556B9C0-38E5-4BCC-88BE-7C14D2009870
2026-07-27T13:38:23,JC-Foodservice - Facturacion,dte@superselectos.com,Factura Electrónica Súper Selectos,"Fri, 17 Jul 2026 23:56:30 +0000 (UTC)",4556B9C0-38E5-4BCC-88BE-7C14D2009870.pdf,C:\Users\Lenovo P52s\Desktop\Proyecto-SCA\Descarga-doc\JC-Foodservice_-_Facturacion_4556B9C0-38E5-4BCC-88BE-7C14D2009870_4556B9C0-38E5-4BCC-88BE-7C14D2009870.pdf,4556B9C0-38E5-4BCC-88BE-7C14D2009870
2026-07-27T13:38:23,JC-Foodservice - Facturacion,noreply@infile.sv,Documento electrónico,"Sat, 18 Jul 2026 15:01:55 +0000 (UTC)",E8C3647D-CC10-49BA-B5DE-DCCF126B2467.json,C:\Users\Lenovo P52s\Desktop\Proyecto-SCA\Descarga-doc\JC-Foodservice_-_Facturacion_E8C3647D-CC10-49BA-B5DE-DCCF126B2467_E8C3647D-CC10-49BA-B5DE-DCCF126B2467.json,E8C3647D-CC10-49BA-B5DE-DCCF126B2467
2026-07-27T13:38:23,JC-Foodservice - Facturacion,noreply@infile.sv,Documento electrónico,"Sat, 18 Jul 2026 15:01:55 +0000 (UTC)",E8C3647D-CC10-49BA-B5DE-DCCF126B2467.pdf,C:\Users\Lenovo P52s\Desktop\Proyecto-SCA\Descarga-doc\JC-Foodservice_-_Facturacion_E8C3647D-CC10-49BA-B5DE-DCCF126B2467_E8C3647D-CC10-49BA-B5DE-DCCF126B2467.pdf,E8C3647D-CC10-49BA-B5DE-DCCF126B2467
2026-07-27T13:38:23,JC-Foodservice - Facturacion,no-reply@bitworks.com.sv,Factura Diszasa,"Sat, 18 Jul 2026 17:30:22 +0000 (UTC)",BC868869-79CC-4F90-90FB-DF41C5B27E4B.json,C:\Users\Lenovo P52s\Desktop\Proyecto-SCA\Descarga-doc\JC-Foodservice_-_Facturacion_BC868869-79CC-4F90-90FB-DF41C5B27E4B_BC868869-79CC-4F90-90FB-DF41C5B27E4B.json,BC868869-79CC-4F90-90FB-DF41C5B27E4B
2026-07-27T13:38:23,JC-Foodservice - Facturacion,no-reply@bitworks.com.sv,Factura Diszasa,"Sat, 18 Jul 2026 17:30:22 +0000 (UTC)",BC868869-79CC-4F90-90FB-DF41C5B27E4B.pdf,C:\Users\Lenovo P52s\Desktop\Proyecto-SCA\Descarga-doc\JC-Foodservice_-_Facturacion_BC868869-79CC-4F90-90FB-DF41C5B27E4B_BC868869-79CC-4F90-90FB-DF41C5B27E4B.pdf,BC868869-79CC-4F90-90FB-DF41C5B27E4B
2026-07-27T13:38:24,JC-Foodservice - Facturacion,noreply@infile.sv,Documento electrónico,"Sat, 18 Jul 2026 23:01:18 +0000 (UTC)",E361B986-4280-44B7-8598-F55873C5DFA6.json,C:\Users\Lenovo P52s\Desktop\Proyecto-SCA\Descarga-doc\JC-Foodservice_-_Facturacion_E361B986-4280-44B7-8598-F55873C5DFA6_E361B986-4280-44B7-8598-F55873C5DFA6.json,E361B986-4280-44B7-8598-F55873C5DFA6
2026-07-27T13:38:24,JC-Foodservice - Facturacion,noreply@infile.sv,Documento electrónico,"Sat, 18 Jul 2026 23:01:18 +0000 (UTC)",E361B986-4280-44B7-8598-F55873C5DFA6.pdf,C:\Users\Lenovo P52s\Desktop\Proyecto-SCA\Descarga-doc\JC-Foodservice_-_Facturacion_E361B986-4280-44B7-8598-F55873C5DFA6_E361B986-4280-44B7-8598-F55873C5DFA6.pdf,E361B986-4280-44B7-8598-F55873C5DFA6
2026-07-27T13:38:24,JC-Foodservice - Facturacion,alimentoscongeladossadecv@gmail.com,"Alimentos Congelados, S.A. de C.V.: DTE-03-M001P001-000000000013211","Mon, 20 Jul 2026 05:44:38 -0700 (PDT)",77ED5FB0-1C0B-4957-95A9-538BA7031196.pdf,C:\Users\Lenovo P52s\Desktop\Proyecto-SCA\Descarga-doc\JC-Foodservice_-_Facturacion_77ED5FB0-1C0B-4957-95A9-538BA7031196_77ED5FB0-1C0B-4957-95A9-538BA7031196.pdf,77ED5FB0-1C0B-4957-95A9-538BA7031196
2026-07-27T13:38:24,JC-Foodservice - Facturacion,alimentoscongeladossadecv@gmail.com,"Alimentos Congelados, S.A. de C.V.: DTE-03-M001P001-000000000013211","Mon, 20 Jul 2026 05:44:38 -0700 (PDT)",77ED5FB0-1C0B-4957-95A9-538BA7031196.json,C:\Users\Lenovo P52s\Desktop\Proyecto-SCA\Descarga-doc\JC-Foodservice_-_Facturacion_77ED5FB0-1C0B-4957-95A9-538BA7031196_77ED5FB0-1C0B-4957-95A9-538BA7031196.json,77ED5FB0-1C0B-4957-95A9-538BA7031196
2026-07-27T13:38:24,JC-Foodservice - Facturacion,facturaelectronica.lasbrazas@gmail.com,"CARRET. RUTA MILITAR KM. 151, CANTON SANTA ANITA,  EL DIVISADERO, MORAZAN SUR, MORAZÁN: DTE-01-M001P001-000000000014489","Mon, 20 Jul 2026 10:26:34 -0700 (PDT)",28F2AEED-12CE-48C2-A63E-D4E21A42D1C7.pdf,C:\Users\Lenovo P52s\Desktop\Proyecto-SCA\Descarga-doc\JC-Foodservice_-_Facturacion_28F2AEED-12CE-48C2-A63E-D4E21A42D1C7_28F2AEED-12CE-48C2-A63E-D4E21A42D1C7.pdf,28F2AEED-12CE-48C2-A63E-D4E21A42D1C7
2026-07-27T13:38:24,JC-Foodservice - Facturacion,facturaelectronica.lasbrazas@gmail.com,"CARRET. RUTA MILITAR KM. 151, CANTON SANTA ANITA,  EL DIVISADERO, MORAZAN SUR, MORAZÁN: DTE-01-M001P001-000000000014489","Mon, 20 Jul 2026 10:26:34 -0700 (PDT)",28F2AEED-12CE-48C2-A63E-D4E21A42D1C7.json,C:\Users\Lenovo P52s\Desktop\Proyecto-SCA\Descarga-doc\JC-Foodservice_-_Facturacion_28F2AEED-12CE-48C2-A63E-D4E21A42D1C7_28F2AEED-12CE-48C2-A63E-D4E21A42D1C7.json,28F2AEED-12CE-48C2-A63E-D4E21A42D1C7
2026-07-27T13:38:24,JC-Foodservice - Facturacion,noreply@infile.sv,Documento electrónico,"Mon, 20 Jul 2026 19:55:29 +0000 (UTC)",C6DC5064-F6A4-47D1-903A-215FE4744C03.json,C:\Users\Lenovo P52s\Desktop\Proyecto-SCA\Descarga-doc\JC-Foodservice_-_Facturacion_C6DC5064-F6A4-47D1-903A-215FE4744C03_C6DC5064-F6A4-47D1-903A-215FE4744C03.json,C6DC5064-F6A4-47D1-903A-215FE4744C03
2026-07-27T13:38:24,JC-Foodservice - Facturacion,noreply@infile.sv,Documento electrónico,"Mon, 20 Jul 2026 19:55:29 +0000 (UTC)",C6DC5064-F6A4-47D1-903A-215FE4744C03.pdf,C:\Users\Lenovo P52s\Desktop\Proyecto-SCA\Descarga-doc\JC-Foodservice_-_Facturacion_C6DC5064-F6A4-47D1-903A-215FE4744C03_C6DC5064-F6A4-47D1-903A-215FE4744C03.pdf,C6DC5064-F6A4-47D1-903A-215FE4744C03
2026-07-27T13:38:25,JC-Foodservice - Facturacion,no-reply@bitworks.com.sv,Factura Diszasa,"Mon, 20 Jul 2026 21:47:43 +0000 (UTC)",AFF490DD-E369-4EE5-9D39-C5BD47F165D0.json,C:\Users\Lenovo P52s\Desktop\Proyecto-SCA\Descarga-doc\JC-Foodservice_-_Facturacion_AFF490DD-E369-4EE5-9D39-C5BD47F165D0_AFF490DD-E369-4EE5-9D39-C5BD47F165D0.json,AFF490DD-E369-4EE5-9D39-C5BD47F165D0
2026-07-27T13:38:25,JC-Foodservice - Facturacion,no-reply@bitworks.com.sv,Factura Diszasa,"Mon, 20 Jul 2026 21:47:43 +0000 (UTC)",AFF490DD-E369-4EE5-9D39-C5BD47F165D0.pdf,C:\Users\Lenovo P52s\Desktop\Proyecto-SCA\Descarga-doc\JC-Foodservice_-_Facturacion_AFF490DD-E369-4EE5-9D39-C5BD47F165D0_AFF490DD-E369-4EE5-9D39-C5BD47F165D0.pdf,AFF490DD-E369-4EE5-9D39-C5BD47F165D0
2026-07-27T13:38:25,JC-Foodservice - Facturacion,no-reply@bitworks.com.sv,Factura Diszasa,"Mon, 20 Jul 2026 21:47:41 +0000 (UTC)",FEC891B2-F8B8-4D43-B72B-698E19B73301.json,C:\Users\Lenovo P52s\Desktop\Proyecto-SCA\Descarga-doc\JC-Foodservice_-_Facturacion_FEC891B2-F8B8-4D43-B72B-698E19B73301_FEC891B2-F8B8-4D43-B72B-698E19B73301.json,FEC891B2-F8B8-4D43-B72B-698E19B73301
2026-07-27T13:38:25,JC-Foodservice - Facturacion,no-reply@bitworks.com.sv,Factura Diszasa,"Mon, 20 Jul 2026 21:47:41 +0000 (UTC)",FEC891B2-F8B8-4D43-B72B-698E19B73301.pdf,C:\Users\Lenovo P52s\Desktop\Proyecto-SCA\Descarga-doc\JC-Foodservice_-_Facturacion_FEC891B2-F8B8-4D43-B72B-698E19B73301_FEC891B2-F8B8-4D43-B72B-698E19B73301.pdf,FEC891B2-F8B8-4D43-B72B-698E19B73301
2026-07-27T13:38:25,JC-Foodservice - Facturacion,noreply@infile.sv,Documento electrónico,"Mon, 20 Jul 2026 22:41:43 +0000 (UTC)",411930F8-3B0B-4BC0-9994-29EB943BD6B5.json,C:\Users\Lenovo P52s\Desktop\Proyecto-SCA\Descarga-doc\JC-Foodservice_-_Facturacion_411930F8-3B0B-4BC0-9994-29EB943BD6B5_411930F8-3B0B-4BC0-9994-29EB943BD6B5.json,411930F8-3B0B-4BC0-9994-29EB943BD6B5
2026-07-27T13:38:25,JC-Foodservice - Facturacion,noreply@infile.sv,Documento electrónico,"Mon, 20 Jul 2026 22:41:43 +0000 (UTC)",411930F8-3B0B-4BC0-9994-29EB943BD6B5.pdf,C:\Users\Lenovo P52s\Desktop\Proyecto-SCA\Descarga-doc\JC-Foodservice_-_Facturacion_411930F8-3B0B-4BC0-9994-29EB943BD6B5_411930F8-3B0B-4BC0-9994-29EB943BD6B5.pdf,411930F8-3B0B-4BC0-9994-29EB943BD6B5
2026-07-27T13:38:25,JC-Foodservice - Facturacion,dte.disproempa@controldata.biz,"NOTIFICACION FACTURA ELECTRONICA DISPROEMPA J&GR, S.A. DE C.V.","Mon, 20 Jul 2026 19:01:39 -0600",DTE-03-M001P001-000000000012085-2026-07-20.pdf,C:\Users\Lenovo P52s\Desktop\Proyecto-SCA\Descarga-doc\JC-Foodservice_-_Facturacion_E7902317-14B3-4CF5-B0B5-F9340C9D6FC0_DTE-03-M001P001-000000000012085-2026-07-20.pdf,E7902317-14B3-4CF5-B0B5-F9340C9D6FC0
2026-07-27T13:38:25,JC-Foodservice - Facturacion,dte.disproempa@controldata.biz,"NOTIFICACION FACTURA ELECTRONICA DISPROEMPA J&GR, S.A. DE C.V.","Mon, 20 Jul 2026 19:01:39 -0600",DTE-03-M001P001-000000000012085-2026-07-20.json,C:\Users\Lenovo P52s\Desktop\Proyecto-SCA\Descarga-doc\JC-Foodservice_-_Facturacion_E7902317-14B3-4CF5-B0B5-F9340C9D6FC0_DTE-03-M001P001-000000000012085-2026-07-20.json,E7902317-14B3-4CF5-B0B5-F9340C9D6FC0
2026-07-27T13:38:26,JC-Foodservice - Facturacion,dtes@jc-foodservice.com,DTE 1987AE02-7971-43D6-A7BD-4D56B6EE6FB0,"Tue, 21 Jul 2026 09:24:53 -0600",1987AE02-7971-43D6-A7BD-4D56B6EE6FB0.pdf,C:\Users\Lenovo P52s\Desktop\Proyecto-SCA\Descarga-doc\JC-Foodservice_-_Facturacion_782_1987AE02-7971-43D6-A7BD-4D56B6EE6FB0.pdf,
2026-07-27T13:38:26,JC-Foodservice - Facturacion,noreply@infile.sv,Documento electrónico,"Tue, 21 Jul 2026 18:37:16 +0000 (UTC)",4F501D1D-B40F-4DC4-9520-A8D8CC335A71.json,C:\Users\Lenovo P52s\Desktop\Proyecto-SCA\Descarga-doc\JC-Foodservice_-_Facturacion_4F501D1D-B40F-4DC4-9520-A8D8CC335A71_4F501D1D-B40F-4DC4-9520-A8D8CC335A71.json,4F501D1D-B40F-4DC4-9520-A8D8CC335A71
2026-07-27T13:38:26,JC-Foodservice - Facturacion,noreply@infile.sv,Documento electrónico,"Tue, 21 Jul 2026 18:37:16 +0000 (UTC)",4F501D1D-B40F-4DC4-9520-A8D8CC335A71.pdf,C:\Users\Lenovo P52s\Desktop\Proyecto-SCA\Descarga-doc\JC-Foodservice_-_Facturacion_4F501D1D-B40F-4DC4-9520-A8D8CC335A71_4F501D1D-B40F-4DC4-9520-A8D8CC335A71.pdf,4F501D1D-B40F-4DC4-9520-A8D8CC335A71
2026-07-27T13:38:26,JC-Foodservice - Facturacion,facturaelectronica.lasbrazas@gmail.com,LAS BRAzAS: DTE-01-S002P001-000000000022306,"Tue, 21 Jul 2026 11:46:11 -0700 (PDT)",C3E13A39-9133-45AD-B08D-1920DEE02176.pdf,C:\Users\Lenovo P52s\Desktop\Proyecto-SCA\Descarga-doc\JC-Foodservice_-_Facturacion_C3E13A39-9133-45AD-B08D-1920DEE02176_C3E13A39-9133-45AD-B08D-1920DEE02176.pdf,C3E13A39-9133-45AD-B08D-1920DEE02176
2026-07-27T13:38:26,JC-Foodservice - Facturacion,facturaelectronica.lasbrazas@gmail.com,LAS BRAzAS: DTE-01-S002P001-000000000022306,"Tue, 21 Jul 2026 11:46:11 -0700 (PDT)",C3E13A39-9133-45AD-B08D-1920DEE02176.json,C:\Users\Lenovo P52s\Desktop\Proyecto-SCA\Descarga-doc\JC-Foodservice_-_Facturacion_C3E13A39-9133-45AD-B08D-1920DEE02176_C3E13A39-9133-45AD-B08D-1920DEE02176.json,C3E13A39-9133-45AD-B08D-1920DEE02176
2026-07-27T13:38:26,JC-Foodservice - Facturacion,panaderiaanavilma@app.factuexpress.com.sv,Documento Tributario Electrónico3B4865DF-41DE-7CA2-BC54-C5D8DB59FFED,"Tue, 21 Jul 2026 18:54:11 +0000 (UTC)",3B4865DF-41DE-7CA2-BC54-C5D8DB59FFED.json,C:\Users\Lenovo P52s\Desktop\Proyecto-SCA\Descarga-doc\JC-Foodservice_-_Facturacion_3B4865DF-41DE-7CA2-BC54-C5D8DB59FFED_3B4865DF-41DE-7CA2-BC54-C5D8DB59FFED.json,3B4865DF-41DE-7CA2-BC54-C5D8DB59FFED
2026-07-27T13:38:26,JC-Foodservice - Facturacion,panaderiaanavilma@app.factuexpress.com.sv,Documento Tributario Electrónico3B4865DF-41DE-7CA2-BC54-C5D8DB59FFED,"Tue, 21 Jul 2026 18:54:11 +0000 (UTC)",3B4865DF-41DE-7CA2-BC54-C5D8DB59FFED.pdf,C:\Users\Lenovo P52s\Desktop\Proyecto-SCA\Descarga-doc\JC-Foodservice_-_Facturacion_3B4865DF-41DE-7CA2-BC54-C5D8DB59FFED_3B4865DF-41DE-7CA2-BC54-C5D8DB59FFED.pdf,3B4865DF-41DE-7CA2-BC54-C5D8DB59FFED
2026-07-27T13:38:26,JC-Foodservice - Facturacion,noreply@infile.sv,Documento electrónico,"Tue, 21 Jul 2026 19:33:20 +0000 (UTC)",8C61CCC5-36B3-4FB2-A8F3-2C24D91319B2.json,C:\Users\Lenovo P52s\Desktop\Proyecto-SCA\Descarga-doc\JC-Foodservice_-_Facturacion_8C61CCC5-36B3-4FB2-A8F3-2C24D91319B2_8C61CCC5-36B3-4FB2-A8F3-2C24D91319B2.json,8C61CCC5-36B3-4FB2-A8F3-2C24D91319B2
2026-07-27T13:38:26,JC-Foodservice - Facturacion,noreply@infile.sv,Documento electrónico,"Tue, 21 Jul 2026 19:33:20 +0000 (UTC)",8C61CCC5-36B3-4FB2-A8F3-2C24D91319B2.pdf,C:\Users\Lenovo P52s\Desktop\Proyecto-SCA\Descarga-doc\JC-Foodservice_-_Facturacion_8C61CCC5-36B3-4FB2-A8F3-2C24D91319B2_8C61CCC5-36B3-4FB2-A8F3-2C24D91319B2.pdf,8C61CCC5-36B3-4FB2-A8F3-2C24D91319B2
2026-07-27T13:38:27,JC-Foodservice - Facturacion,dtes@jc-foodservice.com,Invalidación de DTE 1987AE02-7971-43D6-A7BD-4D56B6EE6FB0,"Tue, 21 Jul 2026 14:29:05 -0600",1987AE02-7971-43D6-A7BD-4D56B6EE6FB0_inv.pdf,C:\Users\Lenovo P52s\Desktop\Proyecto-SCA\Descarga-doc\JC-Foodservice_-_Facturacion_787_1987AE02-7971-43D6-A7BD-4D56B6EE6FB0_inv.pdf,
2026-07-27T13:38:27,JC-Foodservice - Facturacion,dtes@jc-foodservice.com,DTE 4AE14AC0-19D0-46B4-AC6E-D61853943892,"Tue, 21 Jul 2026 14:29:50 -0600",4AE14AC0-19D0-46B4-AC6E-D61853943892.pdf,C:\Users\Lenovo P52s\Desktop\Proyecto-SCA\Descarga-doc\JC-Foodservice_-_Facturacion_788_4AE14AC0-19D0-46B4-AC6E-D61853943892.pdf,
2026-07-27T13:38:27,JC-Foodservice - Facturacion,no-reply@bitworks.com.sv,Factura Diszasa,"Tue, 21 Jul 2026 21:35:29 +0000 (UTC)",DB9F8958-D124-4159-AE14-BF467BA14EE9.json,C:\Users\Lenovo P52s\Desktop\Proyecto-SCA\Descarga-doc\JC-Foodservice_-_Facturacion_DB9F8958-D124-4159-AE14-BF467BA14EE9_DB9F8958-D124-4159-AE14-BF467BA14EE9.json,DB9F8958-D124-4159-AE14-BF467BA14EE9
2026-07-27T13:38:27,JC-Foodservice - Facturacion,no-reply@bitworks.com.sv,Factura Diszasa,"Tue, 21 Jul 2026 21:35:29 +0000 (UTC)",DB9F8958-D124-4159-AE14-BF467BA14EE9.pdf,C:\Users\Lenovo P52s\Desktop\Proyecto-SCA\Descarga-doc\JC-Foodservice_-_Facturacion_DB9F8958-D124-4159-AE14-BF467BA14EE9_DB9F8958-D124-4159-AE14-BF467BA14EE9.pdf,DB9F8958-D124-4159-AE14-BF467BA14EE9
2026-07-27T13:38:27,JC-Foodservice - Facturacion,noreply@infile.sv,Documento electrónico,"Tue, 21 Jul 2026 23:01:00 +0000 (UTC)",D82217A8-6694-4FBB-9357-D7CEF2DD3E03.json,C:\Users\Lenovo P52s\Desktop\Proyecto-SCA\Descarga-doc\JC-Foodservice_-_Facturacion_D82217A8-6694-4FBB-9357-D7CEF2DD3E03_D82217A8-6694-4FBB-9357-D7CEF2DD3E03.json,D82217A8-6694-4FBB-9357-D7CEF2DD3E03
2026-07-27T13:38:27,JC-Foodservice - Facturacion,noreply@infile.sv,Documento electrónico,"Tue, 21 Jul 2026 23:01:00 +0000 (UTC)",D82217A8-6694-4FBB-9357-D7CEF2DD3E03.pdf,C:\Users\Lenovo P52s\Desktop\Proyecto-SCA\Descarga-doc\JC-Foodservice_-_Facturacion_D82217A8-6694-4FBB-9357-D7CEF2DD3E03_D82217A8-6694-4FBB-9357-D7CEF2DD3E03.pdf,D82217A8-6694-4FBB-9357-D7CEF2DD3E03
2026-07-27T13:38:27,JC-Foodservice - Facturacion,dte@superselectos.com,Factura Electrónica Súper Selectos,"Wed, 22 Jul 2026 17:50:32 +0000 (UTC)",3052EA1D-8D61-4C8C-8FC3-C033D5EA16FD.json,C:\Users\Lenovo P52s\Desktop\Proyecto-SCA\Descarga-doc\JC-Foodservice_-_Facturacion_3052EA1D-8D61-4C8C-8FC3-C033D5EA16FD_3052EA1D-8D61-4C8C-8FC3-C033D5EA16FD.json,3052EA1D-8D61-4C8C-8FC3-C033D5EA16FD
2026-07-27T13:38:27,JC-Foodservice - Facturacion,dte@superselectos.com,Factura Electrónica Súper Selectos,"Wed, 22 Jul 2026 17:50:32 +0000 (UTC)",3052EA1D-8D61-4C8C-8FC3-C033D5EA16FD.pdf,C:\Users\Lenovo P52s\Desktop\Proyecto-SCA\Descarga-doc\JC-Foodservice_-_Facturacion_3052EA1D-8D61-4C8C-8FC3-C033D5EA16FD_3052EA1D-8D61-4C8C-8FC3-C033D5EA16FD.pdf,3052EA1D-8D61-4C8C-8FC3-C033D5EA16FD
2026-07-27T13:38:27,JC-Foodservice - Facturacion,facturaelectronica.lasbrazas@gmail.com,LAS BRAzAS: DTE-01-S002P001-000000000022436,"Wed, 22 Jul 2026 11:41:47 -0700 (PDT)",F5630603-5F49-4DF0-BDDF-3A10F8033F56.pdf,C:\Users\Lenovo P52s\Desktop\Proyecto-SCA\Descarga-doc\JC-Foodservice_-_Facturacion_F5630603-5F49-4DF0-BDDF-3A10F8033F56_F5630603-5F49-4DF0-BDDF-3A10F8033F56.pdf,F5630603-5F49-4DF0-BDDF-3A10F8033F56
2026-07-27T13:38:27,JC-Foodservice - Facturacion,facturaelectronica.lasbrazas@gmail.com,LAS BRAzAS: DTE-01-S002P001-000000000022436,"Wed, 22 Jul 2026 11:41:47 -0700 (PDT)",F5630603-5F49-4DF0-BDDF-3A10F8033F56.json,C:\Users\Lenovo P52s\Desktop\Proyecto-SCA\Descarga-doc\JC-Foodservice_-_Facturacion_F5630603-5F49-4DF0-BDDF-3A10F8033F56_F5630603-5F49-4DF0-BDDF-3A10F8033F56.json,F5630603-5F49-4DF0-BDDF-3A10F8033F56
2026-07-27T13:38:28,JC-Foodservice - Facturacion,noreply@infile.sv,Documento electrónico,"Wed, 22 Jul 2026 20:43:32 +0000 (UTC)",58A3BBB0-F322-429F-9AC4-952AFF69870A.json,C:\Users\Lenovo P52s\Desktop\Proyecto-SCA\Descarga-doc\JC-Foodservice_-_Facturacion_58A3BBB0-F322-429F-9AC4-952AFF69870A_58A3BBB0-F322-429F-9AC4-952AFF69870A.json,58A3BBB0-F322-429F-9AC4-952AFF69870A
2026-07-27T13:38:28,JC-Foodservice - Facturacion,noreply@infile.sv,Documento electrónico,"Wed, 22 Jul 2026 20:43:32 +0000 (UTC)",58A3BBB0-F322-429F-9AC4-952AFF69870A.pdf,C:\Users\Lenovo P52s\Desktop\Proyecto-SCA\Descarga-doc\JC-Foodservice_-_Facturacion_58A3BBB0-F322-429F-9AC4-952AFF69870A_58A3BBB0-F322-429F-9AC4-952AFF69870A.pdf,58A3BBB0-F322-429F-9AC4-952AFF69870A
2026-07-27T13:38:28,JC-Foodservice - Facturacion,dte.disproempa@controldata.biz,"NOTIFICACION FACTURA ELECTRONICA DISPROEMPA J&GR, S.A. DE C.V.","Thu, 23 Jul 2026 05:13:15 -0600",DTE-03-M001P001-000000000012281-2026-07-23.pdf,C:\Users\Lenovo P52s\Desktop\Proyecto-SCA\Descarga-doc\JC-Foodservice_-_Facturacion_993174FF-FE2C-41E8-AB97-4F22038C2DEB_DTE-03-M001P001-000000000012281-2026-07-23.pdf,993174FF-FE2C-41E8-AB97-4F22038C2DEB
2026-07-27T13:38:28,JC-Foodservice - Facturacion,dte.disproempa@controldata.biz,"NOTIFICACION FACTURA ELECTRONICA DISPROEMPA J&GR, S.A. DE C.V.","Thu, 23 Jul 2026 05:13:15 -0600",DTE-03-M001P001-000000000012281-2026-07-23.json,C:\Users\Lenovo P52s\Desktop\Proyecto-SCA\Descarga-doc\JC-Foodservice_-_Facturacion_993174FF-FE2C-41E8-AB97-4F22038C2DEB_DTE-03-M001P001-000000000012281-2026-07-23.json,993174FF-FE2C-41E8-AB97-4F22038C2DEB
2026-07-27T13:38:28,JC-Foodservice - Facturacion,dte@superselectos.com,Factura Electrónica Súper Selectos,"Thu, 23 Jul 2026 18:55:10 +0000 (UTC)",102F11C3-89B1-4021-9FD5-898E039EC20E.json,C:\Users\Lenovo P52s\Desktop\Proyecto-SCA\Descarga-doc\JC-Foodservice_-_Facturacion_102F11C3-89B1-4021-9FD5-898E039EC20E_102F11C3-89B1-4021-9FD5-898E039EC20E.json,102F11C3-89B1-4021-9FD5-898E039EC20E
2026-07-27T13:38:28,JC-Foodservice - Facturacion,dte@superselectos.com,Factura Electrónica Súper Selectos,"Thu, 23 Jul 2026 18:55:10 +0000 (UTC)",102F11C3-89B1-4021-9FD5-898E039EC20E.pdf,C:\Users\Lenovo P52s\Desktop\Proyecto-SCA\Descarga-doc\JC-Foodservice_-_Facturacion_102F11C3-89B1-4021-9FD5-898E039EC20E_102F11C3-89B1-4021-9FD5-898E039EC20E.pdf,102F11C3-89B1-4021-9FD5-898E039EC20E
2026-07-27T13:38:29,JC-Foodservice - Facturacion,dte@superselectos.com,Factura Electrónica Súper Selectos,"Thu, 23 Jul 2026 19:13:52 +0000 (UTC)",4E7ABDE2-638B-48C8-B65A-23FD857F40CE.json,C:\Users\Lenovo P52s\Desktop\Proyecto-SCA\Descarga-doc\JC-Foodservice_-_Facturacion_4E7ABDE2-638B-48C8-B65A-23FD857F40CE_4E7ABDE2-638B-48C8-B65A-23FD857F40CE.json,4E7ABDE2-638B-48C8-B65A-23FD857F40CE
2026-07-27T13:38:29,JC-Foodservice - Facturacion,dte@superselectos.com,Factura Electrónica Súper Selectos,"Thu, 23 Jul 2026 19:13:52 +0000 (UTC)",4E7ABDE2-638B-48C8-B65A-23FD857F40CE.pdf,C:\Users\Lenovo P52s\Desktop\Proyecto-SCA\Descarga-doc\JC-Foodservice_-_Facturacion_4E7ABDE2-638B-48C8-B65A-23FD857F40CE_4E7ABDE2-638B-48C8-B65A-23FD857F40CE.pdf,4E7ABDE2-638B-48C8-B65A-23FD857F40CE
2026-07-27T13:38:29,JC-Foodservice - Facturacion,dte@superselectos.com,Factura Electrónica Súper Selectos,"Thu, 23 Jul 2026 19:15:51 +0000 (UTC)",A4470C7B-BE85-4A70-8CE5-0B79FA2F7E97.json,C:\Users\Lenovo P52s\Desktop\Proyecto-SCA\Descarga-doc\JC-Foodservice_-_Facturacion_A4470C7B-BE85-4A70-8CE5-0B79FA2F7E97_A4470C7B-BE85-4A70-8CE5-0B79FA2F7E97.json,A4470C7B-BE85-4A70-8CE5-0B79FA2F7E97
2026-07-27T13:38:29,JC-Foodservice - Facturacion,dte@superselectos.com,Factura Electrónica Súper Selectos,"Thu, 23 Jul 2026 19:15:51 +0000 (UTC)",A4470C7B-BE85-4A70-8CE5-0B79FA2F7E97.pdf,C:\Users\Lenovo P52s\Desktop\Proyecto-SCA\Descarga-doc\JC-Foodservice_-_Facturacion_A4470C7B-BE85-4A70-8CE5-0B79FA2F7E97_A4470C7B-BE85-4A70-8CE5-0B79FA2F7E97.pdf,A4470C7B-BE85-4A70-8CE5-0B79FA2F7E97
2026-07-27T13:38:29,JC-Foodservice - Facturacion,noreply@infile.sv,Documento electrónico,"Thu, 23 Jul 2026 19:25:58 +0000 (UTC)",724AEF31-0797-463D-B02C-53B480EFFC43.json,C:\Users\Lenovo P52s\Desktop\Proyecto-SCA\Descarga-doc\JC-Foodservice_-_Facturacion_724AEF31-0797-463D-B02C-53B480EFFC43_724AEF31-0797-463D-B02C-53B480EFFC43.json,724AEF31-0797-463D-B02C-53B480EFFC43
2026-07-27T13:38:29,JC-Foodservice - Facturacion,noreply@infile.sv,Documento electrónico,"Thu, 23 Jul 2026 19:25:58 +0000 (UTC)",724AEF31-0797-463D-B02C-53B480EFFC43.pdf,C:\Users\Lenovo P52s\Desktop\Proyecto-SCA\Descarga-doc\JC-Foodservice_-_Facturacion_724AEF31-0797-463D-B02C-53B480EFFC43_724AEF31-0797-463D-B02C-53B480EFFC43.pdf,724AEF31-0797-463D-B02C-53B480EFFC43
2026-07-27T13:38:29,JC-Foodservice - Facturacion,alimentoscongeladossadecv@gmail.com,"Alimentos Congelados, S.A. de C.V.: DTE-03-M001P001-000000000013629","Thu, 23 Jul 2026 14:57:01 -0700 (PDT)",C44697B7-C16D-4A6A-835B-5F5D4D0EAEC8.pdf,C:\Users\Lenovo P52s\Desktop\Proyecto-SCA\Descarga-doc\JC-Foodservice_-_Facturacion_C44697B7-C16D-4A6A-835B-5F5D4D0EAEC8_C44697B7-C16D-4A6A-835B-5F5D4D0EAEC8.pdf,C44697B7-C16D-4A6A-835B-5F5D4D0EAEC8
2026-07-27T13:38:29,JC-Foodservice - Facturacion,alimentoscongeladossadecv@gmail.com,"Alimentos Congelados, S.A. de C.V.: DTE-03-M001P001-000000000013629","Thu, 23 Jul 2026 14:57:01 -0700 (PDT)",C44697B7-C16D-4A6A-835B-5F5D4D0EAEC8.json,C:\Users\Lenovo P52s\Desktop\Proyecto-SCA\Descarga-doc\JC-Foodservice_-_Facturacion_C44697B7-C16D-4A6A-835B-5F5D4D0EAEC8_C44697B7-C16D-4A6A-835B-5F5D4D0EAEC8.json,C44697B7-C16D-4A6A-835B-5F5D4D0EAEC8
2026-07-27T13:38:29,JC-Foodservice - Facturacion,alimentoscongeladossadecv@gmail.com,"Alimentos Congelados, S.A. de C.V.: DTE-03-M001P001-000000000013638","Thu, 23 Jul 2026 16:01:56 -0700 (PDT)",438B91AE-1240-4BEA-87AE-7BB5D37A8C9E.pdf,C:\Users\Lenovo P52s\Desktop\Proyecto-SCA\Descarga-doc\JC-Foodservice_-_Facturacion_438B91AE-1240-4BEA-87AE-7BB5D37A8C9E_438B91AE-1240-4BEA-87AE-7BB5D37A8C9E.pdf,438B91AE-1240-4BEA-87AE-7BB5D37A8C9E
2026-07-27T13:38:29,JC-Foodservice - Facturacion,alimentoscongeladossadecv@gmail.com,"Alimentos Congelados, S.A. de C.V.: DTE-03-M001P001-000000000013638","Thu, 23 Jul 2026 16:01:56 -0700 (PDT)",438B91AE-1240-4BEA-87AE-7BB5D37A8C9E.json,C:\Users\Lenovo P52s\Desktop\Proyecto-SCA\Descarga-doc\JC-Foodservice_-_Facturacion_438B91AE-1240-4BEA-87AE-7BB5D37A8C9E_438B91AE-1240-4BEA-87AE-7BB5D37A8C9E.json,438B91AE-1240-4BEA-87AE-7BB5D37A8C9E
2026-07-27T13:38:29,JC-Foodservice - Facturacion,dte.disproempa@controldata.biz,"NOTIFICACION FACTURA ELECTRONICA DISPROEMPA J&GR, S.A. DE C.V.","Thu, 23 Jul 2026 18:11:49 -0600",DTE-03-M001P001-000000000012333-2026-07-23.pdf,C:\Users\Lenovo P52s\Desktop\Proyecto-SCA\Descarga-doc\JC-Foodservice_-_Facturacion_6EA2FDF9-1BB0-46C7-8A43-F4F1762306B2_DTE-03-M001P001-000000000012333-2026-07-23.pdf,6EA2FDF9-1BB0-46C7-8A43-F4F1762306B2
2026-07-27T13:38:29,JC-Foodservice - Facturacion,dte.disproempa@controldata.biz,"NOTIFICACION FACTURA ELECTRONICA DISPROEMPA J&GR, S.A. DE C.V.","Thu, 23 Jul 2026 18:11:49 -0600",DTE-03-M001P001-000000000012333-2026-07-23.json,C:\Users\Lenovo P52s\Desktop\Proyecto-SCA\Descarga-doc\JC-Foodservice_-_Facturacion_6EA2FDF9-1BB0-46C7-8A43-F4F1762306B2_DTE-03-M001P001-000000000012333-2026-07-23.json,6EA2FDF9-1BB0-46C7-8A43-F4F1762306B2
2026-07-27T13:38:30,JC-Foodservice - Facturacion,dte.disproempa@controldata.biz,"NOTIFICACION FACTURA ELECTRONICA DISPROEMPA J&GR, S.A. DE C.V.","Fri, 24 Jul 2026 05:21:25 -0600",DTE-03-M001P001-000000000012351-2026-07-24.pdf,C:\Users\Lenovo P52s\Desktop\Proyecto-SCA\Descarga-doc\JC-Foodservice_-_Facturacion_DC728042-DC0B-460B-A423-7A9567B563D5_DTE-03-M001P001-000000000012351-2026-07-24.pdf,DC728042-DC0B-460B-A423-7A9567B563D5
2026-07-27T13:38:30,JC-Foodservice - Facturacion,dte.disproempa@controldata.biz,"NOTIFICACION FACTURA ELECTRONICA DISPROEMPA J&GR, S.A. DE C.V.","Fri, 24 Jul 2026 05:21:25 -0600",DTE-03-M001P001-000000000012351-2026-07-24.json,C:\Users\Lenovo P52s\Desktop\Proyecto-SCA\Descarga-doc\JC-Foodservice_-_Facturacion_DC728042-DC0B-460B-A423-7A9567B563D5_DTE-03-M001P001-000000000012351-2026-07-24.json,DC728042-DC0B-460B-A423-7A9567B563D5
2026-07-27T13:38:30,JC-Foodservice - Facturacion,noreply@infile.sv,Documento electrónico,"Fri, 24 Jul 2026 16:42:09 +0000 (UTC)",F2AB0035-0E6E-41BD-AB58-A29F6BCE666F.json,C:\Users\Lenovo P52s\Desktop\Proyecto-SCA\Descarga-doc\JC-Foodservice_-_Facturacion_F2AB0035-0E6E-41BD-AB58-A29F6BCE666F_F2AB0035-0E6E-41BD-AB58-A29F6BCE666F.json,F2AB0035-0E6E-41BD-AB58-A29F6BCE666F
2026-07-27T13:38:30,JC-Foodservice - Facturacion,noreply@infile.sv,Documento electrónico,"Fri, 24 Jul 2026 16:42:09 +0000 (UTC)",F2AB0035-0E6E-41BD-AB58-A29F6BCE666F.pdf,C:\Users\Lenovo P52s\Desktop\Proyecto-SCA\Descarga-doc\JC-Foodservice_-_Facturacion_F2AB0035-0E6E-41BD-AB58-A29F6BCE666F_F2AB0035-0E6E-41BD-AB58-A29F6BCE666F.pdf,F2AB0035-0E6E-41BD-AB58-A29F6BCE666F
2026-07-27T13:38:30,JC-Foodservice - Facturacion,dte@campestre.com.sv,Facturación Electrónica DTE C32E681E-3883-4CBF-849C-9FD3654EC742,24 Jul 2026 15:20:57 -0600,C32E681E-3883-4CBF-849C-9FD3654EC742.json,C:\Users\Lenovo P52s\Desktop\Proyecto-SCA\Descarga-doc\JC-Foodservice_-_Facturacion_C32E681E-3883-4CBF-849C-9FD3654EC742_C32E681E-3883-4CBF-849C-9FD3654EC742.json,C32E681E-3883-4CBF-849C-9FD3654EC742
2026-07-27T13:38:30,JC-Foodservice - Facturacion,dte@campestre.com.sv,Facturación Electrónica DTE C32E681E-3883-4CBF-849C-9FD3654EC742,24 Jul 2026 15:20:57 -0600,C32E681E-3883-4CBF-849C-9FD3654EC742.pdf,C:\Users\Lenovo P52s\Desktop\Proyecto-SCA\Descarga-doc\JC-Foodservice_-_Facturacion_C32E681E-3883-4CBF-849C-9FD3654EC742_C32E681E-3883-4CBF-849C-9FD3654EC742.pdf,C32E681E-3883-4CBF-849C-9FD3654EC742
2026-07-27T13:38:30,JC-Foodservice - Facturacion,noreply@infile.sv,Documento electrónico,"Fri, 24 Jul 2026 21:37:30 +0000 (UTC)",E7E01DCB-DEC5-479C-B76A-6A03DDEFC806.json,C:\Users\Lenovo P52s\Desktop\Proyecto-SCA\Descarga-doc\JC-Foodservice_-_Facturacion_E7E01DCB-DEC5-479C-B76A-6A03DDEFC806_E7E01DCB-DEC5-479C-B76A-6A03DDEFC806.json,E7E01DCB-DEC5-479C-B76A-6A03DDEFC806
2026-07-27T13:38:30,JC-Foodservice - Facturacion,noreply@infile.sv,Documento electrónico,"Fri, 24 Jul 2026 21:37:30 +0000 (UTC)",E7E01DCB-DEC5-479C-B76A-6A03DDEFC806.pdf,C:\Users\Lenovo P52s\Desktop\Proyecto-SCA\Descarga-doc\JC-Foodservice_-_Facturacion_E7E01DCB-DEC5-479C-B76A-6A03DDEFC806_E7E01DCB-DEC5-479C-B76A-6A03DDEFC806.pdf,E7E01DCB-DEC5-479C-B76A-6A03DDEFC806
2026-07-27T13:38:30,JC-Foodservice - Facturacion,dte@superselectos.com,Factura Electrónica Súper Selectos,"Fri, 24 Jul 2026 21:56:49 +0000 (UTC)",15EEB8F8-E922-472D-8884-43561DA6EA6D.json,C:\Users\Lenovo P52s\Desktop\Proyecto-SCA\Descarga-doc\JC-Foodservice_-_Facturacion_15EEB8F8-E922-472D-8884-43561DA6EA6D_15EEB8F8-E922-472D-8884-43561DA6EA6D.json,15EEB8F8-E922-472D-8884-43561DA6EA6D
2026-07-27T13:38:30,JC-Foodservice - Facturacion,dte@superselectos.com,Factura Electrónica Súper Selectos,"Fri, 24 Jul 2026 21:56:49 +0000 (UTC)",15EEB8F8-E922-472D-8884-43561DA6EA6D.pdf,C:\Users\Lenovo P52s\Desktop\Proyecto-SCA\Descarga-doc\JC-Foodservice_-_Facturacion_15EEB8F8-E922-472D-8884-43561DA6EA6D_15EEB8F8-E922-472D-8884-43561DA6EA6D.pdf,15EEB8F8-E922-472D-8884-43561DA6EA6D
2026-07-27T13:38:30,JC-Foodservice - Facturacion,noreply@infile.sv,Documento electrónico,"Sat, 25 Jul 2026 15:57:22 +0000 (UTC)",9213CC30-05E9-48F4-A8EB-B267B99C5D89.json,C:\Users\Lenovo P52s\Desktop\Proyecto-SCA\Descarga-doc\JC-Foodservice_-_Facturacion_9213CC30-05E9-48F4-A8EB-B267B99C5D89_9213CC30-05E9-48F4-A8EB-B267B99C5D89.json,9213CC30-05E9-48F4-A8EB-B267B99C5D89
2026-07-27T13:38:30,JC-Foodservice - Facturacion,noreply@infile.sv,Documento electrónico,"Sat, 25 Jul 2026 15:57:22 +0000 (UTC)",9213CC30-05E9-48F4-A8EB-B267B99C5D89.pdf,C:\Users\Lenovo P52s\Desktop\Proyecto-SCA\Descarga-doc\JC-Foodservice_-_Facturacion_9213CC30-05E9-48F4-A8EB-B267B99C5D89_9213CC30-05E9-48F4-A8EB-B267B99C5D89.pdf,9213CC30-05E9-48F4-A8EB-B267B99C5D89
2026-07-27T13:38:31,JC-Foodservice - Facturacion,notificaciones@findex.la,GS INVERSIONES SA DE CV - DTE-03-M001P001-000000000002984,"Sat, 25 Jul 2026 17:17:22 +0000",49C7296B-AD58-4A8B-B69F-389EDF5972DA.pdf,C:\Users\Lenovo P52s\Desktop\Proyecto-SCA\Descarga-doc\JC-Foodservice_-_Facturacion_49C7296B-AD58-4A8B-B69F-389EDF5972DA_49C7296B-AD58-4A8B-B69F-389EDF5972DA.pdf,49C7296B-AD58-4A8B-B69F-389EDF5972DA
2026-07-27T13:38:31,JC-Foodservice - Facturacion,notificaciones@findex.la,GS INVERSIONES SA DE CV - DTE-03-M001P001-000000000002984,"Sat, 25 Jul 2026 17:17:22 +0000",49C7296B-AD58-4A8B-B69F-389EDF5972DA.json,C:\Users\Lenovo P52s\Desktop\Proyecto-SCA\Descarga-doc\JC-Foodservice_-_Facturacion_49C7296B-AD58-4A8B-B69F-389EDF5972DA_49C7296B-AD58-4A8B-B69F-389EDF5972DA.json,49C7296B-AD58-4A8B-B69F-389EDF5972DA
2026-07-27T13:38:31,JC-Foodservice - Facturacion,noreply@infile.sv,Documento electrónico,"Sat, 25 Jul 2026 19:08:19 +0000 (UTC)",A6581AFE-5CE8-4983-B7BB-D2ED09CD9B0A.json,C:\Users\Lenovo P52s\Desktop\Proyecto-SCA\Descarga-doc\JC-Foodservice_-_Facturacion_A6581AFE-5CE8-4983-B7BB-D2ED09CD9B0A_A6581AFE-5CE8-4983-B7BB-D2ED09CD9B0A.json,A6581AFE-5CE8-4983-B7BB-D2ED09CD9B0A
2026-07-27T13:38:31,JC-Foodservice - Facturacion,noreply@infile.sv,Documento electrónico,"Sat, 25 Jul 2026 19:08:19 +0000 (UTC)",A6581AFE-5CE8-4983-B7BB-D2ED09CD9B0A.pdf,C:\Users\Lenovo P52s\Desktop\Proyecto-SCA\Descarga-doc\JC-Foodservice_-_Facturacion_A6581AFE-5CE8-4983-B7BB-D2ED09CD9B0A_A6581AFE-5CE8-4983-B7BB-D2ED09CD9B0A.pdf,A6581AFE-5CE8-4983-B7BB-D2ED09CD9B0A
2026-07-27T13:38:31,JC-Foodservice - Facturacion,dtes@jc-foodservice.com,DTE B9E7856D-1FC2-465B-A1C6-1EE0C14F6B19,"Mon, 27 Jul 2026 10:27:04 -0600",B9E7856D-1FC2-465B-A1C6-1EE0C14F6B19.pdf,C:\Users\Lenovo P52s\Desktop\Proyecto-SCA\Descarga-doc\JC-Foodservice_-_Facturacion_810_B9E7856D-1FC2-465B-A1C6-1EE0C14F6B19.pdf,
2026-07-27T13:38:31,JC-Foodservice - Facturacion,notificacioneserp@softnetla.com,Sistema Integrado Facturación Electrónica SV,27 Jul 2026 11:13:11 -0600,844ACE15-9D27-419E-8A16-C9B0C1A31C11.pdf,C:\Users\Lenovo P52s\Desktop\Proyecto-SCA\Descarga-doc\JC-Foodservice_-_Facturacion_844ACE15-9D27-419E-8A16-C9B0C1A31C11_844ACE15-9D27-419E-8A16-C9B0C1A31C11.pdf,844ACE15-9D27-419E-8A16-C9B0C1A31C11
2026-07-27T13:38:31,JC-Foodservice - Facturacion,notificacioneserp@softnetla.com,Sistema Integrado Facturación Electrónica SV,27 Jul 2026 11:13:11 -0600,844ACE15-9D27-419E-8A16-C9B0C1A31C11.json,C:\Users\Lenovo P52s\Desktop\Proyecto-SCA\Descarga-doc\JC-Foodservice_-_Facturacion_844ACE15-9D27-419E-8A16-C9B0C1A31C11_844ACE15-9D27-419E-8A16-C9B0C1A31C11.json,844ACE15-9D27-419E-8A16-C9B0C1A31C11
2026-07-27T13:38:31,JC-Foodservice - Facturacion,facturaelectronica.lasbrazas@gmail.com,LAS BRAzAS: DTE-01-S002P001-000000000023021,"Mon, 27 Jul 2026 10:59:04 -0700 (PDT)",8F7D6F71-BF64-462F-9857-69AED3F12CBE.pdf,C:\Users\Lenovo P52s\Desktop\Proyecto-SCA\Descarga-doc\JC-Foodservice_-_Facturacion_8F7D6F71-BF64-462F-9857-69AED3F12CBE_8F7D6F71-BF64-462F-9857-69AED3F12CBE.pdf,8F7D6F71-BF64-462F-9857-69AED3F12CBE
2026-07-27T13:38:31,JC-Foodservice - Facturacion,facturaelectronica.lasbrazas@gmail.com,LAS BRAzAS: DTE-01-S002P001-000000000023021,"Mon, 27 Jul 2026 10:59:04 -0700 (PDT)",8F7D6F71-BF64-462F-9857-69AED3F12CBE.json,C:\Users\Lenovo P52s\Desktop\Proyecto-SCA\Descarga-doc\JC-Foodservice_-_Facturacion_8F7D6F71-BF64-462F-9857-69AED3F12CBE_8F7D6F71-BF64-462F-9857-69AED3F12CBE.json,8F7D6F71-BF64-462F-9857-69AED3F12CBE
2026-07-27T13:38:32,JC-Foodservice - Facturacion,noreply@infile.sv,Documento electrónico,"Mon, 27 Jul 2026 19:04:29 +0000 (UTC)",E17EECA4-9C67-4A48-970C-ED687AED7473.json,C:\Users\Lenovo P52s\Desktop\Proyecto-SCA\Descarga-doc\JC-Foodservice_-_Facturacion_E17EECA4-9C67-4A48-970C-ED687AED7473_E17EECA4-9C67-4A48-970C-ED687AED7473.json,E17EECA4-9C67-4A48-970C-ED687AED7473
2026-07-27T13:38:32,JC-Foodservice - Facturacion,noreply@infile.sv,Documento electrónico,"Mon, 27 Jul 2026 19:04:29 +0000 (UTC)",E17EECA4-9C67-4A48-970C-ED687AED7473.pdf,C:\Users\Lenovo P52s\Desktop\Proyecto-SCA\Descarga-doc\JC-Foodservice_-_Facturacion_E17EECA4-9C67-4A48-970C-ED687AED7473_E17EECA4-9C67-4A48-970C-ED687AED7473.pdf,E17EECA4-9C67-4A48-970C-ED687AED7473
